{
  "metadata": {
    "num_entries": 716,
    "evaluators": [
      "gemini-2.5-flash",
      "gpt-oss-20b",
      "gpt-oss-120b"
    ],
    "generated_at": "2026-01-07T15:21:16.922743"
  },
  "basic_stats": {
    "gemini-2.5-flash": {
      "mean": 69.35055865921788,
      "median": 75.0,
      "std": 22.966043945630652,
      "min": 0,
      "max": 100,
      "q25": 57.0,
      "q75": 88.0,
      "count": 716,
      "score_ranges": {
        "0-20": 45,
        "21-40": 36,
        "41-60": 129,
        "61-80": 214,
        "81-100": 292
      }
    },
    "gpt-oss-20b": {
      "mean": 77.99860335195531,
      "median": 83.0,
      "std": 16.091651773137052,
      "min": 0,
      "max": 92,
      "q25": 76.0,
      "q75": 87.0,
      "count": 716,
      "score_ranges": {
        "0-20": 15,
        "21-40": 21,
        "41-60": 29,
        "61-80": 196,
        "81-100": 455
      }
    },
    "gpt-oss-120b": {
      "mean": 78.72486033519553,
      "median": 84.0,
      "std": 16.725040791907084,
      "min": 0,
      "max": 96,
      "q25": 76.75,
      "q75": 88.0,
      "count": 716,
      "score_ranges": {
        "0-20": 16,
        "21-40": 23,
        "41-60": 18,
        "61-80": 207,
        "81-100": 452
      }
    }
  },
  "correlations": {
    "gemini25flash_vs_gptoss20b": {
      "pair": "gemini25flash_vs_gptoss20b",
      "num_common": 716,
      "pearson": 0.6205551895311374,
      "pearson_p": 1.93748148084737e-77,
      "spearman": 0.6994682480497607,
      "spearman_p": 2.8718396387435413e-106
    },
    "gemini25flash_vs_gptoss120b": {
      "pair": "gemini25flash_vs_gptoss120b",
      "num_common": 716,
      "pearson": 0.6699275852137249,
      "pearson_p": 1.9711586095520742e-94,
      "spearman": 0.7759791402506881,
      "spearman_p": 4.8639070738872325e-145
    },
    "gptoss20b_vs_gptoss120b": {
      "pair": "gptoss20b_vs_gptoss120b",
      "num_common": 716,
      "pearson": 0.913289458479314,
      "pearson_p": 1.0036445681362468e-280,
      "spearman": 0.7446955414280383,
      "spearman_p": 1.6452744034803749e-127
    }
  },
  "agreement": {
    "gemini25flash_vs_gptoss20b": {
      "pair": "gemini25flash_vs_gptoss20b",
      "mae": 14.145251396648044,
      "rmse": 20.05105216035882,
      "within_5pts": 0.3226256983240223,
      "within_10pts": 0.5460893854748603,
      "top10_agreement": 0.21348314606741572,
      "mean_diff": -8.64804469273743,
      "std_diff": 18.102864868609792
    },
    "gemini25flash_vs_gptoss120b": {
      "pair": "gemini25flash_vs_gptoss120b",
      "mae": 13.659217877094973,
      "rmse": 19.493230453661422,
      "within_5pts": 0.3463687150837989,
      "within_10pts": 0.5488826815642458,
      "top10_agreement": 0.37055837563451777,
      "mean_diff": -9.374301675977653,
      "std_diff": 17.10312968337102
    },
    "gptoss20b_vs_gptoss120b": {
      "pair": "gptoss20b_vs_gptoss120b",
      "mae": 4.779329608938547,
      "rmse": 6.894658283712254,
      "within_5pts": 0.6745810055865922,
      "within_10pts": 0.8994413407821229,
      "top10_agreement": 0.2638888888888889,
      "mean_diff": -0.7262569832402235,
      "std_diff": 6.8610939583928765
    }
  },
  "systematic_bias": {
    "by_model_family": {
      "qwen3": {
        "gemini-2.5-flash": 70.15254237288136,
        "gpt-oss-20b": 76.91525423728814,
        "gpt-oss-120b": 76.71186440677967,
        "gemini_gpt120b_diff": -6.559322033898312
      },
      "gemma3": {
        "gemini-2.5-flash": 72.66666666666667,
        "gpt-oss-20b": 78.27777777777777,
        "gpt-oss-120b": 79.83333333333333,
        "gemini_gpt120b_diff": -7.166666666666657
      },
      "gpt-oss": {
        "gemini-2.5-flash": 90.35416666666667,
        "gpt-oss-20b": 86.89583333333333,
        "gpt-oss-120b": 89.35416666666667,
        "gemini_gpt120b_diff": 1.0
      },
      "mixtral": {
        "gemini-2.5-flash": 57.416666666666664,
        "gpt-oss-20b": 73.1875,
        "gpt-oss-120b": 73.25,
        "gemini_gpt120b_diff": -15.833333333333336
      },
      "gemma3n-e4b": {
        "gemini-2.5-flash": 68.83333333333333,
        "gpt-oss-20b": 82.20833333333333,
        "gpt-oss-120b": 82.25,
        "gemini_gpt120b_diff": -13.416666666666671
      },
      "phi4": {
        "gemini-2.5-flash": 76.66666666666667,
        "gpt-oss-20b": 82.95833333333333,
        "gpt-oss-120b": 84.91666666666667,
        "gemini_gpt120b_diff": -8.25
      },
      "ministral-3": {
        "gemini-2.5-flash": 56.736111111111114,
        "gpt-oss-20b": 71.56944444444444,
        "gpt-oss-120b": 71.93055555555556,
        "gemini_gpt120b_diff": -15.194444444444443
      },
      "command-r": {
        "gemini-2.5-flash": 71.0,
        "gpt-oss-20b": 80.54166666666667,
        "gpt-oss-120b": 83.125,
        "gemini_gpt120b_diff": -12.125
      },
      "llama3.3": {
        "gemini-2.5-flash": 81.875,
        "gpt-oss-20b": 84.33333333333333,
        "gpt-oss-120b": 83.66666666666667,
        "gemini_gpt120b_diff": -1.7916666666666714
      },
      "aya-expanse": {
        "gemini-2.5-flash": 69.91666666666667,
        "gpt-oss-20b": 80.95833333333333,
        "gpt-oss-120b": 83.10416666666667,
        "gemini_gpt120b_diff": -13.1875
      },
      "llama4-scout": {
        "gemini-2.5-flash": 61.125,
        "gpt-oss-20b": 76.54166666666667,
        "gpt-oss-120b": 74.66666666666667,
        "gemini_gpt120b_diff": -13.541666666666671
      },
      "gemma2": {
        "gemini-2.5-flash": 63.958333333333336,
        "gpt-oss-20b": 78.25,
        "gpt-oss-120b": 80.04166666666667,
        "gemini_gpt120b_diff": -16.083333333333336
      },
      "mistral-small3.2": {
        "gemini-2.5-flash": 84.375,
        "gpt-oss-20b": 82.16666666666667,
        "gpt-oss-120b": 85.83333333333333,
        "gemini_gpt120b_diff": -1.4583333333333286
      },
      "command-r7b": {
        "gemini-2.5-flash": 47.708333333333336,
        "gpt-oss-20b": 72.0,
        "gpt-oss-120b": 73.08333333333333,
        "gemini_gpt120b_diff": -25.374999999999993
      }
    },
    "by_inference_level": {
      "tr5": {
        "gemini-2.5-flash": 66.52380952380952,
        "gpt-oss-20b": 74.33333333333333,
        "gpt-oss-120b": 74.86904761904762
      },
      "tr4": {
        "gemini-2.5-flash": 76.48809523809524,
        "gpt-oss-20b": 77.28571428571429,
        "gpt-oss-120b": 79.13095238095238
      },
      "1": {
        "gemini-2.5-flash": 55.875,
        "gpt-oss-20b": 70.45833333333333,
        "gpt-oss-120b": 70.54166666666667
      },
      "0": {
        "gemini-2.5-flash": 78.75,
        "gpt-oss-20b": 84.20833333333333,
        "gpt-oss-120b": 85.79166666666667
      },
      "tr6": {
        "gemini-2.5-flash": 66.75,
        "gpt-oss-20b": 74.89285714285714,
        "gpt-oss-120b": 75.95238095238095
      },
      "4": {
        "gemini-2.5-flash": 53.625,
        "gpt-oss-20b": 69.29166666666667,
        "gpt-oss-120b": 71.0
      },
      "2": {
        "gemini-2.5-flash": 69.41666666666667,
        "gpt-oss-20b": 76.83333333333333,
        "gpt-oss-120b": 80.20833333333333
      },
      "3": {
        "gemini-2.5-flash": 61.166666666666664,
        "gpt-oss-20b": 78.875,
        "gpt-oss-120b": 77.625
      }
    },
    "by_temperature": {
      "10": {
        "gemini-2.5-flash": 70.28735632183908,
        "gpt-oss-20b": 77.60919540229885,
        "gpt-oss-120b": 78.79310344827586
      },
      "05": {
        "gemini-2.5-flash": 69.95402298850574,
        "gpt-oss-20b": 78.04597701149426,
        "gpt-oss-120b": 78.32183908045977
      },
      "20": {
        "gemini-2.5-flash": 71.42647058823529,
        "gpt-oss-20b": 78.73529411764706,
        "gpt-oss-120b": 79.78921568627452
      },
      "15": {
        "gemini-2.5-flash": 61.416666666666664,
        "gpt-oss-20b": 80.5,
        "gpt-oss-120b": 78.0
      },
      "25": {
        "gemini-2.5-flash": 59.0,
        "gpt-oss-20b": 78.16666666666667,
        "gpt-oss-120b": 75.25
      }
    }
  },